Municipio,CodIbge,Estado,AreaKm2,Desmatado2006,Incremento20052006,Floresta2006,Nuvem2006,NaoObservado2006,NaoFloresta2006,Hidrografia2006
São Félix do Xingu,1507300,PA,84249,14550.5,762.1,64962.1,0.2,6.5,3790,939.7
Paragominas,1505502,PA,19452,8256,92.3,8723.4,2430.5,1.4,7,33.7
Marabá,1504208,PA,15127,7495.8,259.3,7392.4,115.4,1.7,35.9,85.8
Juara,5105101,MT,21430,7290.2,199.4,12515.8,4.8,29.3,1463.3,126.6
Porto Velho,1100205,RO,34636,6909.4,364.7,26503.6,13.7,23.4,433.1,752.8
Santana do Araguaia,1506708,PA,11607,6589,136.6,4143.7,0,0.3,807.1,66.9
Cumaru do Norte,1502764,PA,17106,6475.3,175.8,9031.7,156.2,0.3,1442.5,0
Santa Luzia,2110005,MA,6193,5545.6,8.4,523.8,123.2,0.4,0,0
Altamira,1500602,PA,159701,5517,285.4,144160.4,4567.3,22.5,3765.5,1668.3
Santa Maria das Barreiras,1506583,PA,10350,5491.5,81.3,2287.2,6,0,2509.8,55.5
Novo Repartimento,1505064,PA,15433,5433.8,445.1,8786.8,43.5,0.1,1,1167.8
Tapurah,5108006,MT,11610,5392,49.1,4810.8,0,0,1389.6,17.6
Rondon do Pará,1506187,PA,8286,5191.1,42.5,3059.2,35.7,0,0,0
Açailândia,2100055,MA,5844,5149.3,43.3,667.4,26,1.3,0,0
Querência,5107065,MT,17856,4905.5,85,10587,15.2,0.8,2268,79.5
Água Azul do Norte,1500347,PA,7586,4886.8,22.4,2452.7,117.4,0,129.1,0
Alta Floresta,5100250,MT,8955,4813.2,97.1,3789.9,53.4,1.6,261,35.9
Monte Alegre,1504802,PA,21701,4640.9,34.8,11361.8,2662.8,3.8,1888.2,1143.5
Vila Bela da Santíssima Trindade,5105507,MT,13698,4600,21.5,2416.3,0,19.6,6589.2,72.9
Santarém,1506807,PA,22876,4409.5,57.1,11507.8,2407.3,0.4,667.5,3883.5
Vila Rica,5108600,MT,7450,4400.3,66.3,2850.5,0,0,188.9,10.3
Novo Progresso,1505031,PA,38183,4362.2,254,30225.9,47.1,11,3462,74.8
Itaituba,1503606,PA,62096,4262.5,105.5,54709.6,1849.9,3.6,462.5,807.9
Juína,5105150,MT,26358,4185.7,39.6,19485.9,0,3,2643.1,40.3
Pacajá,1505486,PA,11852,4172.5,213.7,6448.1,1231.3,0.1,0,0
São José do Xingu,5107354,MT,7467,4161.4,29.8,2943.7,0,4.6,301.9,55.4
São Félix do Araguaia,5107859,MT,16857,4133.3,51.3,6471.7,3.1,0.7,6189.4,58.8
Brasnorte,5101902,MT,16001,4100.7,64.6,8093.4,8.3,0,3765.4,33.2
Itupiranga,1503705,PA,7899,4028.7,237.4,3744.1,8,1,5.7,111.5
Nova Ubiratã,5106240,MT,12690,4004.1,71.9,5888.8,0,0.1,2796.5,0.5
Sorriso,5107925,MT,9350,3969.2,5.3,1264.6,0,0.7,4115.5,0
Moju,1504703,PA,9131,3763,109.3,2746.2,1275.4,1137.8,181.8,26.8
Pontes e Lacerda,5106752,MT,8465,3671.9,15.6,1463.6,1.1,3,3325.4,0
Aripuanã,5101407,MT,25181,3603.6,52.7,21193.2,43.1,4.8,283,53.3
Barra do Bugres,5101704,MT,7244,3559.8,24.5,2414.3,2.1,0,1264.3,3.5
Goianésia do Pará,1503093,PA,7048,3551,57.6,2978.3,37.1,0.1,0,481.5
Confresa,5103353,MT,5799,3549.5,69.4,1926.9,0,0,320.5,2.1
Viseu,1508308,PA,4943,3372.2,30,1301.6,152.3,0.7,35.2,81
Bom Jardim,2102002,MA,6647,3367.6,20.2,2229.3,985.4,0.2,57.4,7.1
Xinguara,1508407,PA,3794,3340.6,11.1,434.4,0.1,0,0,18.9
Rio Maria,1506161,PA,4123,3319.4,19,662.8,2.3,0,130.6,7.9
Gaúcha do Norte,5103858,MT,16900,3216.7,60,9038.1,0,0,4614.5,30.7
Dom Eliseu,1502939,PA,5296,3195.4,97.3,2092.8,6.7,1.1,0,0
Ulianópolis,1508126,PA,5115,3180.3,87.4,1744.7,189.8,0.2,0,0
Marcelândia,5105580,MT,12294,3151.7,62.8,8903.7,0,4.1,218.7,15.8
Ariquemes,1100023,RO,4480,3122.8,17.3,1267.1,0.2,0,89.7,0.2
Peixoto de Azevedo,5106422,MT,14402,3090.5,68.3,10060.3,0,2.9,1173,75.3
Colniza,5103254,MT,28134,3064.2,215.5,24300.1,392.3,10.8,310.6,56
Nova Maringá,5108907,MT,11528,3008.8,42.1,7819.3,0,0.9,690.8,8.2
Conceição do Araguaia,1502707,PA,5848,2968.2,10,889.3,0,0.3,1867.5,122.7
Lábrea,1302405,AM,69669,2926.2,240.1,64270.5,224.1,9.6,1792.2,446.4
Nova Canaã do Norte,5106216,MT,5975,2906.8,30.3,1970.4,0,0,1061.2,36.6
Comodoro,5103304,MT,21849,2905.4,29.3,9138.8,0,16.2,9785.7,2.9
Rio Branco,1200401,AC,9509,2896.6,41.6,6598,14.3,0.1,0,0
Porto dos Gaúchos,5106802,MT,7016,2876,32.5,4068.5,0,0.1,48.5,22.9
Barra do Corda,2101608,MA,8054,2843.2,50.9,2703.7,1.1,1.1,2498.9,6
Piçarra,1505635,PA,3324,2839.6,7,416.9,0,0,0,67.5
Tomé-Açu,1508001,PA,5168,2819.5,15.1,2159.8,36,152.7,0,0
Nova Mutum,5106224,MT,9546,2813.3,34.7,3356.9,0,0.6,3368.6,6.6
Nova Bandeirantes,5106158,MT,9561,2693.2,126.9,6648.4,0,1.1,91.1,127.2
Araguaína,1702109,TO,4019,2670.2,1.7,424.9,0,0.7,900.3,22.9
Bom Jesus do Araguaia,5101852,MT,4282,2667.5,4.1,1235.3,0,1.2,376.2,1.8
Redenção,1506138,PA,3830,2640.5,1.3,468.1,15.7,0.1,705.6,0
Machadinho d'Oeste,1100130,RO,8589,2633.9,117.2,5511,6.4,0,380.3,57.4
Uruará,1508159,PA,10794,2624,93.5,6277.5,1888.5,3.8,0,0.2
Eldorado dos Carajás,1502954,PA,2967,2610.7,4.2,356.3,0,0,0,0
Jaru,1100114,RO,2976,2605.7,3.8,325.4,0,0.1,44.8,0
Chupinguaia,1100924,RO,5163,2594.3,8.4,2238.9,0,0,329.4,0.4
Ji-Paraná,1100122,RO,6955,2593,5.1,4259.8,0,2.2,65.6,34.4
Breu Branco,1501782,PA,3950,2542,54.5,932.7,214.7,0.2,0.9,259.5
Nova Mamoré,1100338,RO,10244,2541,80.5,6295,5.2,3.4,1356.6,42.8
Ipixuna do Pará,1503457,PA,5245,2536,27.6,2548.2,125,1,6.8,28
Capitão Poço,1502301,PA,2924,2532,43.9,0,36,356.9,0,0
São Geraldo do Araguaia,1507458,PA,3283,2511,2.1,426.2,0,0,313.9,31.9
Nova Monte Verde,5108956,MT,6512,2509,38.9,3844.8,0,0,150.3,7.9
Colíder,5103205,MT,3038,2486.7,2.1,545.2,0,0,2.4,3.7
Cacoal,1100049,RO,3820,2471.5,4.8,1316.2,0,0,26.4,5.9
Itinga do Maranhão,2105427,MA,3612,2464,35.7,1107.1,40.8,0,0,0.1
Santa Terezinha,5107776,MT,6463,2435.7,34.8,2732.5,0,0.2,1245.9,48.7
Castanheira,5102850,MT,3963,2430,21.8,1500,0,1,3.3,28.7
Tabaporã,5107941,MT,8233,2377.1,39.2,3609.1,0,0.7,2239.6,6.5
Novo Mundo,5106265,MT,5801,2350.2,34.9,2896.3,0,0.3,536,18.2
Brasil Novo,1501725,PA,6370,2292.8,16.7,1237.1,2833.9,0,0.1,6.1
Guarantã do Norte,5104104,MT,4717,2276.7,65.9,1715.5,0,0,724.6,0.2
Pimenta Bueno,1100189,RO,6284,2269,21.4,2959,0,0,1050.5,5.5
Tucumã,1508084,PA,2513,2244,9.6,218.1,42.7,0.5,0,7.7
Alta Floresta d'Oeste,1100015,RO,7138,2188.1,21.6,3213.9,0,6.1,1706.4,23.5
Centro Novo do Maranhão,2103174,MA,8366,2177.9,38.3,3818.3,2367,0,0,2.8
Acará,1500206,PA,4363,2177.6,35.9,0,3,2148.2,27.1,9.2
Tangará da Serra,5107958,MT,11596,2151.8,8.3,644.7,8.4,0,8790.1,1
Cáceres,5102504,MT,24446,2140.6,33.8,1686.4,0,1331.4,18192,1095.6
Corumbiara,1100072,RO,3082,2136.1,1.8,848.5,0,0,97.4,0
Paranaíta,5106299,MT,4833,2110.5,55.3,2633,0,1.6,31.6,56.3
Amarante do Maranhão,2100600,MA,7737,2098.3,15.7,3769.9,177.7,6.3,1684.8,0
Espigão d'Oeste,1100098,RO,4549,2053.8,3.2,2198.8,0,0,295.9,0.5
São Miguel do Guaporé,1100320,RO,8102,2053.6,20.1,4237.3,11.3,0.1,1799.7,0
Bom Jesus das Selvas,2102036,MA,2700,2051,9.7,647.3,1.7,0,0,0
Curionópolis,1502772,PA,2375,2037.9,0,330.4,0.3,1.7,4.7,0
Sinop,5107909,MT,3193,2020.5,8.4,1128.5,0,0,29.2,14.8
Buritis,1100452,RO,3315,2016.9,64,1293.2,0,0,4.8,0.1
Bannach,1501253,PA,2963,2009.1,33.5,840.5,51.3,0,62.1,0
Paranatinga,5106307,MT,24185,1975,26.3,5536.6,0,5.5,16659.9,8
Tailândia,1507953,PA,4451,1968.8,39.3,2475.6,6.6,0,0,0
Zé Doca,2114007,MA,2435,1944.8,7.8,380.2,109.7,0.3,0,0
Costa Marques,1100080,RO,12890,1924.2,109.7,7493.8,0,50.2,3378.8,43
Apiacás,5100805,MT,20402,1918.2,50.2,17175.4,1.2,3.9,1053.7,249.6
São Francisco do Guaporé,1101492,RO,4805,1914.1,83.3,2036.1,0,0,854.8,0
Terra Nova do Norte,5108055,MT,2303,1910.1,11.7,389.4,0,0,3.5,0
Vera,5108501,MT,2951,1908.3,20.1,1023.5,0,1.4,17.7,0.1
Turiaçu,2112407,MA,2601,1895.1,6.4,466.6,123.9,1.3,48.2,65.9
Canarana,5102702,MT,10839,1866.2,5.2,2180.8,0,1.7,6784.1,6.2
Alto Alegre do Pindaré,2100477,MA,1951,1859.6,1.1,31.3,7,0.4,52.7,0
Poxoréo,5107008,MT,6923,1851.3,0.4,102.1,0,0,4969.6,0
Boca do Acre,1300706,AM,23013,1831.1,71.7,20947.5,43.1,1.9,58.1,131.3
Floresta do Araguaia,1503044,PA,3454,1829.7,11.6,403.2,0,0.2,1172.9,48
Rondolândia,5107578,MT,12742,1819.6,4.3,10843.7,0,1.2,52.3,25.2
Buriticupu,2102325,MA,2567,1806.3,11.2,753.4,5.7,0.6,0,1
Araguatins,1702208,TO,2640,1776.2,0.7,247.8,9.5,0.7,540.4,65.4
Anapu,1500859,PA,11909,1755.5,137.9,9651.3,324.1,0,6.8,171.3
Nova Lacerda,5106182,MT,4756,1737.7,10.7,1522.4,0,0,1495.9,0
Ouro Preto do Oeste,1100155,RO,1991,1735.5,1.2,237.3,0,0.3,15.9,2
Campo Novo de Rondônia,1100700,RO,3491,1724.5,32.7,1489.9,0.6,0,276,0
Feliz Natal,5103700,MT,11448,1723.9,49.6,8993.1,0,4.1,704.6,22.3
Matupá,5105606,MT,5153,1722,29.3,3212.5,0,0,218.5,0
Canaã dos Carajás,1502152,PA,3157,1719.2,0.8,1332.3,0.3,0,105.1,0.1
Theobroma,1101609,RO,2219,1714.1,7.8,504.4,0,0,0,0.5
Bragança,1501709,PA,2108,1712,3.7,209.4,93.7,0.3,37.4,55.2
Vitória do Xingu,1508357,PA,2969,1710.2,36.9,907.7,197.9,0,0.1,153.1
São José do Rio Claro,5107305,MT,5060,1704.2,17.2,1949.2,0,0,1403.9,2.7
Carlinda,5102793,MT,2414,1703.9,2.7,677.3,0,0,0,32.8
Bom Jesus do Tocantins,1501576,PA,2824,1696.3,6.3,1011.2,2.4,0.8,71.7,41.6
Medicilândia,1504455,PA,8271,1669.3,8.8,1885.6,4714.1,1.1,0,0.9
Pedro do Rosário,2108256,MA,1770,1663.1,1.4,32.2,4.7,0,70,0
Arame,2100956,MA,3075,1662.7,4.4,767.3,305.4,1.5,338,0.1
Óbidos,1505106,PA,28043,1657.7,28.7,19145.3,1287.9,2.7,4593.4,1356
Itacoatiara,1301902,AM,8926,1655.7,14.9,4721,55.3,0.5,829.4,1664.1
Candeias do Jamari,1100809,RO,6933,1655.5,65,4895.7,0,0.2,0,381.6
Lago da Pedra,2105708,MA,1655,1655,0,0,0,0,0,0
Vilhena,1100304,RO,11583,1639.7,20.2,8249,1.3,3.9,1687.6,1.5
Bandeirantes do Tocantins,1703057,TO,1678,1625.6,0.1,52.1,0,0,0.3,0
Presidente Médici,1100254,RO,1774,1597,1.7,149.5,0,0,17.6,9.9
Ribeirão Cascalheira,5107180,MT,11364,1589,22.3,1821.7,0,0.2,7937.3,15.8
Almeirim,1500503,PA,72969,1585.9,7,49032.7,18542.3,58.6,2712.7,1036.8
Rurópolis,1506195,PA,7025,1577.7,27.7,4645.7,751.7,0,0,49.9
Alto Paraíso,1100403,RO,2681,1573.9,34.1,1088.3,0.9,0.1,0.7,17.1
Itaúba,5104559,MT,4543,1573,32.8,2515.8,0,0,421,33.2
CanaBrava do Norte,5102694,MT,3450,1572.1,17.8,670.9,4.4,0,1202.4,0.2
Cotriguaçu,5103379,MT,9149,1546.5,57.5,7448.1,0,0.1,20.9,133.4
Cláudia,5103056,MT,3819,1500.3,10,2310.2,0,0,0,8.5
Baião,1501204,PA,3766,1499.3,14.7,892.4,662.5,0,475.3,236.5
Placas,1505650,PA,7174,1497.4,65.4,5397.1,279.3,0,0.1,0.1
Aurora do Pará,1500958,PA,1824,1476.8,21.9,0,9.1,333.5,0,5.5
Plácido de Castro,1200385,AC,2099,1465.1,11.2,630.6,0,3.3,0,0
Arapoema,1702307,TO,1558,1461.6,0,73.5,0,0,0,22.9
Nova Santa Helena,5106190,MT,2625,1456.4,12,1166.3,0,0.1,2.2,0
Sena Madureira,1200500,AC,26182,1456.2,28.9,24705.5,1.6,15.8,2.9,0
Apuí,1300144,AM,54481,1453.7,80.2,50998.7,1180.8,15.2,624.1,208.5
Jacundá,1503804,PA,2014,1430.1,8.1,318.1,0.5,0,0,265.3
Cacaulândia,1100601,RO,1986,1426.7,9.4,518.2,0,0,41.1,0
Santa Carmem,5107248,MT,3921,1412,23.6,2509,0,0,0,0
Santa Helena,2109809,MA,2336,1394.1,10.3,179.1,24.2,0,632.1,106.5
Manicoré,1302702,AM,48687,1389.1,77.3,42085.6,222.6,17.4,4145.8,826.5
Garrafão do Norte,1503077,PA,1616,1386.6,17.4,216.7,11.9,0.8,0,0
Guajará-Mirim,1100106,RO,25257,1385.8,18.2,19528.6,305.1,72,3798.4,167.1
Nova Esperança do Piriá,1504950,PA,2830,1385.8,19.9,1189.4,254.3,0.5,0,0
Brasiléia,1200104,AC,4484,1372,5.3,3100.7,0,11,0,0.3
Oriximiná,1505304,PA,107778,1364.8,13.9,95188.2,5735.6,83.5,3638.4,1767.5
Alvorada d'Oeste,1100346,RO,3060,1352.4,3,886.2,0,0,821.4,0
Porto Acre,1200807,AC,3071,1330.3,25.8,1477.7,260.2,2.8,0,0
Mucajaí,1400308,RR,12878,1327.7,36.1,9684,1631.3,1.3,196.3,37.4
Itaipava do Grajaú,2105351,MA,1558,1323.5,5.7,214.6,18.6,1.3,0,0
Santa Cruz do Xingu,5107743,MT,5625,1319.9,21.5,2618.7,0,0,1622.9,63.5
Governador Jorge Teixeira,1101005,RO,5128,1317.4,8.9,3596.1,23.4,0,191.1,0
Rolim de Moura,1100288,RO,1471,1314.1,2,156.9,0,0,0,0
Monte Negro,1101401,RO,1956,1301.7,12.9,608.8,1.1,0,44.4,0
São Domingos do Capim,1507201,PA,1687,1299,34.5,0,0,391.2,0,0
Parauapebas,1505536,PA,7019,1295.6,5.8,5515.7,121.5,0,84.9,1.3
Xambioá,1722107,TO,1641,1291.1,2.6,310.2,0,0.1,11,28.6
Cantá,1400175,RR,7714,1275.5,29.4,4870.1,655.7,1.3,827.6,83.8
Senador Guiomard,1200450,AC,1887,1268.9,13,611.7,6.4,0,0,0
Cidelândia,2103257,MA,1473,1266.7,18.5,167.7,9.5,0.7,21,7.4
Barra do Garças,5101803,MT,9147,1262.8,0.6,238.7,0,4.5,7626.4,14.6
Alenquer,1500404,PA,22275,1261,20,16342.6,1602.1,4.5,2474.1,590.7
Santa Fé do Araguaia,1718865,TO,1682,1251.3,1.9,374.6,0,0,0,56.1
Cujubim,1100940,RO,3901,1245.7,54.6,2646.7,6.1,0.2,0.1,2.2
Maués,1302900,AM,40079,1245.3,17,35305.9,1359.8,2.2,873.7,1292.1
Alto Alegre dos Parecis,1100379,RO,3993,1242.5,21.6,1811,3.7,4,917.8,14
Bujari,1200138,AC,3572,1242.3,16.5,2206.6,122.6,0.5,0,0
São Domingos do Araguaia,1507151,PA,1396,1240.8,1.8,155.2,0,0,0,0
Jacareacanga,1503754,PA,53409,1238.6,64.3,46103.4,129,8.8,5211,718.2
Santa Luzia do Pará,1506559,PA,1361,1229,9.2,98.5,6.9,26.6,0,0
Araputanga,5101258,MT,1608,1224.4,1.3,346.7,1.6,0.7,34.6,0
Manaus,1302603,AM,11474,1223.9,2.2,8682,16.7,0.2,2.6,1548.6
Cachoeira do Piriá,1501956,PA,2439,1222.6,36.9,1158.3,50.2,0.5,0,7.4
Pimenteiras do Oeste,1101468,RO,6067,1220.8,7.5,2359,0.7,33.9,2428.1,24.5
Bacabal,2101202,MA,1707,1199.2,0,0,0,145.4,360.9,2.5
Irituia,1503507,PA,1387,1196.5,46.9,0,0,196.2,0,0
Ourilândia do Norte,1505437,PA,13840,1194.1,6.7,9028.3,447.9,0.4,3165.9,3.4
Portel,1505809,PA,25425,1193.3,42.1,14139.7,8863.9,0.4,385.9,841.8
Colorado do Oeste,1100064,RO,1459,1183.5,0.8,222.3,0,0,53.2,0
São José dos Quatro Marcos,5107107,MT,1284,1178.7,3,67.5,0,0,37.8,0
Governador Newton Bello,2104651,MA,1177,1168.6,0,7.6,0.7,0.1,0,0
São Gabriel da Cachoeira,1303809,AM,112501,1167.5,1.1,95179.7,13808.9,370.6,489.5,1484.8
Juruena,5105176,MT,3200,1160.4,24.9,1850,0,0,160.9,28.7
Nova Brasilândia,5106208,MT,3269,1159.5,0.4,198.9,0,0,1883,27.6
Sapucaia,1507755,PA,1302,1154.1,2.2,147.9,0,0,0,0
Nova Olinda do Maranhão,2107357,MA,2487,1153.6,0.7,1070.9,262,0.5,0,0
Ananás,1701002,TO,1596,1150.8,0,199.7,0,1.8,203.6,40.1
Vale do Anari,1101757,RO,3166,1147,24.7,1988.6,0,0,11.4,19
Turilândia,2112456,MA,1529,1146.8,13,150.4,32.9,0.1,136.8,62
Tuntum,2112308,MA,3619,1146,9.7,495.6,0.2,0.2,1935.1,41.9
Autazes,1300300,AM,7634,1145.2,16.1,4997.1,14.3,0.1,464.2,1013.1
Tarauacá,1200609,AC,16278,1144.1,18.3,15126,0.3,1.9,0,5.7
Denise,5103452,MT,1304,1137.3,0.4,161.6,0,0,5.1,0
Xapuri,1200708,AC,5416,1129.7,8.1,4285.4,0,0.8,0.1,0
Salto do Céu,5107750,MT,1316,1127.2,3.1,155.8,0.8,0,32.2,0
Nova Ipixuna,1504976,PA,1605,1117.7,4.5,268,0,0,123.4,95.9
Juruti,1503903,PA,8307,1114.8,6.1,4867.9,584.5,0,633.9,1105.9
Imperatriz,2105302,MA,1376,1105.4,5.8,91.9,1.5,0,155.3,21.9
Alto Boa Vista,5100359,MT,2242,1103.9,9.4,559.7,0.8,0,577.6,0
Serrano do Maranhão,2111789,MA,1222,1101.8,0.1,78.1,26.2,0.2,2.3,13.4
Cametá,1502103,PA,3090,1087.7,0.3,647.7,245.6,0.1,658.2,450.7
Vitorino Freire,2113009,MA,1130,1087.6,0,0,0,0,44.8,0
Careiro,1301100,AM,6126,1080.7,6.5,4637.8,0,6.5,80.8,320.2
Parecis,1101450,RO,2567,1076.3,9.8,857.5,150.8,0,482.1,0.3
Seringueiras,1101500,RO,2280,1070.7,25.4,1042.3,0,0,167,0
Feijó,1200302,AC,25248,1065.6,11.9,24116.6,1.9,57,0.4,6.5
Pau d'Arco,1716307,TO,1304,1049.2,0.6,138.1,0,0,83.8,32.9
João Lisboa,2105500,MA,1134,1039.2,2.9,94,0,0.8,0,0
Rio Crespo,1100262,RO,1744,1034,10.1,686.8,0,0,23.2,0
Santo Antônio do Leverger,5107800,MT,12270,1028.8,5.1,1119.3,0,0.4,10099.9,21.6
Aveiro,1501006,PA,17094,1025.6,15.4,13979.8,1350.1,1.4,18.2,718.9
Guaraí,1709302,TO,2279,1011.2,1.5,182,0,0.1,1081.1,4.6
Governador Nunes Freire,2104677,MA,1047,1011,4,35.7,0,0.3,0,0
Nova Olímpia,5106232,MT,1570,1004.4,0.7,249.1,0,0,316.5,0
Jauru,5105002,MT,1221,1003,5,103.9,0,0.3,113.8,0
Rorainópolis,1400472,RR,33850,1002,8.6,23867.7,753.6,6,7643.4,577.3
Brejo Grande do Araguaia,1501758,PA,1191,991.5,2.6,143.4,0,0,29.1,27
Grajaú,2104800,MA,7480,987.5,30.6,1740.1,0.3,0,4752.1,0
Aragominas,1701309,TO,1179,980.6,0.5,171.5,0,0,17.9,9
Coroatá,2103604,MA,2298,965.6,0,0.5,0,1331.9,0,0
Santa Luzia d'Oeste,1100296,RO,1207,965.2,2.6,239.5,2.3,0,0,0
Cabixi,1100031,RO,1322,958.5,0.6,347.1,0,0.6,11.3,4.5
Vila Nova dos Martírios,2112852,MA,1197,954.4,2.5,97.6,0,1.4,131.3,12.3
Muricilândia,1713957,TO,1194,948.9,1.7,219.4,0,0,0,25.7
Parintins,1303403,AM,5961,939.2,3,1510.4,97.1,0,1132.3,2282
Paulo Ramos,2108108,MA,937,937.8,0,0,0,0,0,0
Santo Afonso,5107263,MT,1172,932.1,2.9,235.1,0.1,0,4.7,0
União do Sul,5108303,MT,4583,927.8,27.4,3629.3,0,2.1,23.8,0
Mirassol d'Oeste,5105622,MT,1077,927.5,5.5,115.3,0,0.1,34.1,0
Nova Marilândia,5108857,MT,1943,925.9,6.2,447.5,0,0.2,569.4,0
Lambari d'Oeste,5105234,MT,1338,925.3,1.5,238.6,0,0.7,172.9,0.5
Monção,2106904,MA,1359,922.5,10,97.7,25.1,0.1,189.5,124.1
Nova Guarita,5108808,MT,1089,918.5,0.7,169.9,0,0,0,0.6
Juscimeira,5105200,MT,2206,918.4,0.2,42.5,0,0,1244,1.1
Cândido Mendes,2102606,MA,1748,914,17.5,567.7,65.7,0.7,82.7,117.2
Pau d'Arco,1505551,PA,1675,911,2.3,313.5,36.3,0.1,414.1,0
Nortelândia,5106000,MT,1353,911,1.5,291.4,0,0,150.6,0
Trairão,1508050,PA,11996,906.2,39,10601.7,386.5,0.2,1.1,100.3
Alcântara,2100204,MA,1502,905.1,0,137.8,42.9,0,71.8,344.4
Bernardo Sayão,1703206,TO,930,892.3,0.1,24.6,0,0,0,13.1
Caracaraí,1400209,RR,47820,888.7,15.1,29378.2,2475.7,11.2,14491.9,574.3
Castanhal,1502400,PA,1035,888.3,10.3,0,0,148.6,0,0
Centro do Guilherme,2103158,MA,1084,885.8,33.3,198.2,0,0,0,0
Nova Brasilândia d'Oeste,1100148,RO,1166,878.6,2.7,222.7,0,0,64.7,0
Itaporã do Tocantins,1711100,TO,924,875.6,0,47.9,0,0.5,0,0
Vale do Paraíso,1101807,RO,973,865.5,0.7,103.5,0,0,3.4,0.6
Santa Luzia do Paruá,2110039,MA,914,865.4,0.7,17.4,0.7,0.3,30.2,0
São Miguel do Guamá,1507607,PA,1117,863.9,25.7,1.2,0,251.9,0,0
Pinheiro,2108603,MA,1483,861.2,2,92.9,8,0,415.5,105.4
São João do Araguaia,1507508,PA,1291,850.5,3.2,258.2,0,0,73.3,109
Acrelândia,1200013,AC,1610,847.3,16.6,760.5,0,2.2,0,0
Porto Alegre do Norte,5106778,MT,3982,845.8,11.4,685.1,0,0,2451.1,0
Prainha,1506005,PA,12600,844.2,45.5,5314.9,2008.7,9.7,2872.5,1550
Epitaciolândia,1200252,AC,1710,841.7,4.5,860.1,0,8.1,0,0.1
Pequizeiro,1716653,TO,1212,840.7,0.1,69.1,0,0,302.2,0
Araguaiana,5101001,MT,6421,828,9.1,527.9,0,18.4,5031.1,15.6
Rondonópolis,5107602,MT,4166,823,0.1,274.2,0,0.1,3063,5.7
Nova Olinda,1714880,TO,1780,822.7,0.2,17.8,0,0.6,938.9,0
Capixaba,1200179,AC,1765,818.1,10.8,940.5,0,6.4,0,0
Itapuã do Oeste,1101104,RO,4131,817.2,27.8,3104.9,0,0.3,2.5,206.1
Canutama,1300904,AM,30283,803.9,73.1,28140.3,49.5,5.5,988.3,295.5
Dom Aquino,5103601,MT,2207,801.1,0.3,46.6,0,0,1359.3,0
São Domingos do Maranhão,2110708,MA,1321,790.9,10.9,412.4,0,0,117.7,0
Cerejeiras,1100056,RO,2804,790.4,3.7,771.7,0,0,1241.9,0
Caroebe,1400233,RR,12122,790.1,35.8,10967.7,259.7,8,12.8,83.7
Palestina do Pará,1505494,PA,986,787.9,0.8,168.1,0,0,0.4,29.6
Nova Xavantina,5106257,MT,5527,781.3,0.2,273.5,0,0,4445.4,26.8
Porto de Moz,1505908,PA,17429,779.4,19.5,6147.6,5915.7,2.7,3132.2,1451.4
Belterra,1501451,PA,4404,777.5,5.5,2710.3,313,0,0,603.2
Guajará,1301654,AM,9389,766.7,1.3,8331.4,10,0,273.9,7
Piraquê,1717206,TO,926,761.4,1.3,91.2,0,0.2,73.2,0
Novo Aripuanã,1303304,AM,41459,755.4,36.9,38013.7,297.5,27.9,1623.2,741.3
Manacapuru,1302504,AM,7381,752.7,3.9,4278.8,124.4,0.1,804.5,1420.5
Maranhãozinho,2106375,MA,964,752.7,0.6,206.8,4.5,0,0,0
Colméia,1716703,TO,995,751.4,0.7,23.3,0,0.5,219.8,0
Coari,1301209,AM,58834,751.4,0.1,52816.1,1680.8,1.4,821.5,2762.8
Pio XII,2108702,MA,827,749,0,0,0,0,47.1,32.3
Barreirinha,1300508,AM,5759,747.2,4,3645.6,0,0,408.8,957.4
Araguanã,2100873,MA,810,746.3,0,62,1.7,0,0,0
Araguanã,1702158,TO,837,739.1,0.5,71.1,0,0,12.5,14.3
Novo Horizonte do Oeste,1100502,RO,852,737.8,0.8,109.5,0,0,4.7,0
Figueirópolis d'Oeste,5103809,MT,893,735.3,1.7,47.3,0,0,110.4,0
Novo Horizonte do Norte,5106273,MT,940,729.3,0.7,203.1,0,0,0,7.6
Augusto Corrêa,1500909,PA,1101,725.5,1.8,236.7,57.9,0.2,4.6,76.1
Presidente Dutra,2109106,MA,805,712.9,1.6,92.1,0,0,0,0
Castanheiras,1100908,RO,901,712.2,1.1,186,0,0,0.6,2.2
São Francisco do Brejão,2110856,MA,751,706.3,3.8,44.7,0,0,0,0
Ministro Andreazza,1101203,RO,805,706.3,2.4,98.7,0,0,0,0
Lagoa Grande do Maranhão,2105963,MA,742,703.8,0.2,28,10.2,0,0,0
Vale de São Domingos,5108352,MT,2007,694.5,2.3,490.9,11.1,0.2,810.3,0
Marajá do Sena,2106359,MA,833,693.6,1.4,113.7,25.7,0,0,0
Alto Alegre,1400050,RR,25870,688.8,15,19979.7,2380.9,113.1,2610.4,97.1
Nova União,1101435,RO,815,687.2,2.3,123.9,0,0.1,3.8,0
Jaciara,5104807,MT,1657,686.2,0,13.1,0,0,957.7,0
Mirinzal,2106805,MA,697,682.5,0.1,8.5,5.7,0,0,0.3
Urupá,1101708,RO,840,680.6,1.2,60.6,0,0,98.8,0
Igarapé-Açu,1503200,PA,789,680.1,4.1,0,0,109.4,0,0
Abaetetuba,1500107,PA,1617,677.5,4.6,241.8,45.4,228,12.7,411.6
Altamira do Maranhão,2100402,MA,677,677.5,0,0,0,0,0,0
Tucuruí,1508100,PA,2094,676.5,17.7,875,54.2,0,4.8,483.5
Oeiras do Pará,1505205,PA,3863,675.9,0.8,1571.4,942.6,0.3,379,293.8
Presidente Figueiredo,1303536,AM,25567,663.3,5.8,21394.6,83,5.4,1,3419.7
Colinas do Tocantins,1705508,TO,848,662.4,0,4.2,0,0.6,180.8,0
Cruzeiro do Sul,1200203,AC,8352,662,3.2,7634.8,19.3,35.7,0.2,0
Senador La Rocque,2111763,MA,751,662,2.8,89,0,0,0,0
Santa Rita do Trivelato,5107768,MT,3347,659.3,0.1,688.3,0,0,1999.4,0
Carutapera,2102903,MA,1267,651.6,3.2,339,68.7,0.5,123.2,84
São Luís Gonzaga do Maranhão,2111409,MA,981,643,0,1,0,335.4,1.6,0
Jenipapo dos Vieiras,2105476,MA,1522,642.1,2.6,707.4,0.6,0,171.9,0
Bujaru,1501907,PA,1010,632.6,13.5,0,0,381.1,0,0
Buritirana,2102358,MA,825,631.8,5.4,178.9,0,0,14.3,0
Humaitá,1301704,AM,33431,628.1,4.7,28897.1,0,2.1,3120.5,783.2
Conceição do Lago-Açu,2103554,MA,836,625.3,0,0,0,0.1,98.4,114.2
Mirante da Serra,1101302,RO,1206,619.4,3.9,370.7,0,0.1,215.8,0
Envira,1301506,AM,13904,617.8,13.3,13153.6,45,5.3,0.1,82.2
Tefé,1304203,AM,24187,605.9,3.9,22592.7,97.4,1.8,168.5,720.7
Concórdia do Pará,1502756,PA,694,600.2,3.6,0,0,95.7,0,0
Poção de Pedras,2108900,MA,663,588.9,0,0,0,74.2,0,0
Conquista D'oeste,5103361,MT,2708,578.6,3.5,811.5,0,2.1,1315.8,0
Senador José Porfírio,1507805,PA,14388,575.3,41.2,13133.3,208.5,0.3,84.8,385.8
Diamantino,5103502,MT,7640,574.4,5.2,1640.2,0,1.1,5424.3,0
Cururupu,2103703,MA,940,570.1,0,247.3,37.4,0.6,6.5,78.1
Iracema,1400282,RR,14271,569.6,15.4,10790.3,2778,91.4,35.4,6.3
Indiavaí,5104500,MT,601,562.2,0.4,38.7,0,0.1,0,0
Olho d'Água das Cunhãs,2107407,MA,562,562,0,0,0,0,0,0
Abel Figueiredo,1500131,PA,617,558.9,0.7,57.9,0,0.2,0,0
Porto Franco,2109007,MA,1427,554.3,0.3,96.4,0,0.1,761.2,15
Planalto da Serra,5106455,MT,2451,553.5,0,41.3,0,0.2,1856,0
Rio Preto da Eva,1303569,AM,5839,549.4,0.7,5276.3,1.7,1.1,0,10.5
Presidente Sarney,2109270,MA,732,548.9,2.4,87.2,10,0,83.3,2.6
Maracaçumé,2106326,MA,635,539.6,1.9,95.4,0,0,0,0
Junco do Maranhão,2105658,MA,543,530.2,1.1,12.3,0,0,0,0.5
Breves,1501808,PA,9570,529.6,0.1,7072.8,859.3,1.7,85.9,1020.7
Santa Isabel do Pará,1506500,PA,719,528,5.5,0,0,191.8,0,0
Bonito,1501600,PA,590,527.5,13.5,0,0,63.2,0,0
Satubinha,2111722,MA,613,523.5,0,0.6,0,0,84.6,4.3
São Luiz,1400605,RR,1537,511.9,15,1013.3,9.6,0.1,0,2.1
Lucas do Rio Verde,5105259,MT,3663,511.3,0.2,653.9,0,0,2497.8,0
Capanema,1502202,PA,618,507.1,2.5,0,2,82.5,26.9,0
Borba,1300805,AM,44453,501.7,1.7,41448.8,65.3,13,587.2,1837
Riachinho,1718550,TO,615,501,1.1,79.2,0,0.5,34.3,0
Bacuri,2101301,MA,794,499.7,0.1,146.8,53.8,0.3,5.5,87.9
Mocajuba,1504604,PA,874,489.9,0.1,109.1,31.5,0,168.4,75.1
Viana,2112803,MA,1174,489.5,1,89.7,16.4,0,382.5,195.9
Manaquiri,1302553,AM,4003,488.2,1.1,3120.4,0,0,106.7,287.7
Brejo de Areia,2102150,MA,487,487.5,0,0,0,0,0,0
Joselândia,2105609,MA,692,485.6,0.8,46.8,2.8,142.9,0,13.9
Ourém,1505403,PA,566,485.4,11.4,0.4,0.3,79.9,0,0
São Felipe d'Oeste,1101484,RO,546,484,0.2,62,0,0,0,0
Gonçalves Dias,2104404,MA,888,481.1,6.6,279.1,0.2,127.6,0,0
Penalva,2108306,MA,794,477.8,3,22.6,15.8,0,154.6,123.2
Ribamar Fiquene,2109551,MA,907,476.9,0.6,73.9,0,0,341,15.2
Bequimão,2101905,MA,779,467.6,0,54.1,23.1,0,195,39.2
Careiro da Várzea,1301159,AM,2641,466.1,10.8,831.3,6.1,0.2,708.4,628.9
Tracuateua,1508035,PA,856,461.3,1.2,108.8,59.6,18.5,188.2,19.6
Iranduba,1301852,AM,2228,457.4,3.7,1309.2,25.7,0,132.6,303.1
São Mateus do Maranhão,2111508,MA,792,456.4,0,0,0,223.1,104.6,8.9
São João da Baliza,1400506,RR,4305,455.9,14.2,3807.2,36.4,0.1,0.4,5
Nhamundá,1303007,AM,14135,455.4,2.9,11546.6,680.7,1.9,342.6,1107.8
Bom Lugar,2102077,MA,452,452.1,0,0,0,0,0,0
Esperantinópolis,2104008,MA,486,448.9,0,1,0,36.1,0,0
Mãe do Rio,1504059,PA,471,447.1,5.5,0,0,25.1,0,0
São Pedro da Água Branca,2111532,MA,726,446.9,0,43.2,0,0.9,208.5,26.5
Igarapé-Miri,1503309,PA,2003,445.6,0.5,804.1,229.2,0.2,204.6,319.3
Teixeirópolis,1101559,RO,467,443.2,1.9,23.8,0,0,0,0
Palmeirândia,2107605,MA,534,440.7,0,12.1,0.8,0,58.3,22.1
Presidente Médici,2109239,MA,441,439.5,0,1.2,0,0.3,0,0
Rodrigues Alves,1200427,AC,3491,438.8,2.5,2998.1,1.4,52,0.7,0
Primavera de Rondônia,1101476,RO,610,421.6,0.3,95.6,0,0,92.6,0.2
Alto Paraguai,5100508,MT,2054,421.3,1.4,120.8,0,0,1511.9,0
Silves,1304005,AM,3758,420.8,0.9,2581.3,28.6,0,128.1,599.2
Rio Branco,5107206,MT,501,417.9,0,10.1,0,0.5,72.5,0
São Francisco do Pará,1507409,PA,480,413.4,3.1,0,0,69.1,0,0
Santa Maria do Pará,1506609,PA,460,411.7,5.6,0,0,50.4,0,0
Anajatuba,2100709,MA,1132,410.6,4.2,57.4,0.3,0,552,111.7
Santa Inês,2109908,MA,411,407.8,0,0,0,0,0,4
Codó,2103307,MA,4434,404.4,0,1615.5,0,2414.1,0,0
Campestre do Maranhão,2102556,MA,618,404.2,0.6,49.5,0,0,154.6,9.7
Nova Olinda do Norte,1303106,AM,5624,404,1.7,4503.9,0,0.3,281.7,434.1
Matões do Norte,2106631,MA,793,401.4,5.7,0,0.3,386.5,4.3,0.7
Fortaleza do Tabocão,1708254,TO,622,401.1,0,0.2,0,0,220.7,0
Augustinópolis,1702554,TO,417,399.3,0.5,11.8,5.2,0.1,0.6,0
Arari,2101004,MA,1116,395.4,8.5,57.9,1.2,0.1,583.3,78.1
São João do Carú,2111029,MA,622,393.9,0.1,127.9,100.2,0,0,0
Marapanim,1504406,PA,796,391.1,4.7,0,51.6,309.8,13.1,31.1
Chapada dos Guimarães,5103007,MT,6204,381.2,0.6,139.1,0,1.7,5483.1,198.9
Igarapé Grande,2105203,MA,380,379.9,0,0.1,0,0,0,0
Porto Estrela,5106851,MT,2066,378.9,1.7,224.4,0,0,1462.7,0
Macapá,1600303,AP,6420,376.4,5.4,1676.4,292.9,1.9,3121.6,950.8
Lago Verde,2105906,MA,466,376.4,0,0,0,0,85.3,5.1
Nova Timboteua,1505007,PA,492,371.2,3.5,0,0,121.5,0,0
Guimarães,2104909,MA,609,367.1,0,92.1,7.6,0,7.8,134.4
Arenápolis,5101308,MT,413,366.6,0.6,46.4,0,0,0,0
Eirunepé,1301407,AM,16471,364.8,0.9,15692.2,52.1,5.3,174.6,182
Porto Esperidião,5106828,MT,5834,362.3,1.6,220.4,2.5,6.5,5242.3,0
São Bento,2110500,MA,462,360.1,0,0.8,1,0,99.6,0.5
Itaguatins,1710706,TO,745,355.1,2.1,68.4,0.7,0,309,11.8
Peixe-Boi,1505601,PA,454,353.7,2.2,0,0,101.7,0,0
Barão de Melgaço,5101605,MT,11180,351.9,8,2221.1,0,12.9,8484.6,109.5
São Luís,2111300,MA,840,349.8,1.2,153.4,44.7,0.4,0,291.7
São Bento do Tocantins,1720101,TO,1113,347.1,0.1,79.4,0.1,1.4,685,0
Amapá do Maranhão,2100550,MA,446,345,5.9,101,0,0,0,0
Bonfim,1400159,RR,8141,340.2,10.7,1575,38.3,13.3,6129.9,44.3
Mâncio Lima,1200336,AC,4947,337.9,4.8,4466,0.3,142.8,0,0
Presidente Kennedy,1718402,TO,774,337.1,0,104.5,0,0.6,331.8,0
São Miguel do Tocantins,1720200,TO,400,331.6,1.2,51.1,0,0,4.2,13.1
Nobres,5105903,MT,3857,329.9,1.3,253.1,0,0,3274,0
Urucará,1304302,AM,28014,325.8,1.8,26526.5,91.5,0.9,422.9,646.4
Godofredo Viana,2104305,MA,648,325.1,2.6,222.6,39.3,0.2,25,35.8
Inhangapi,1503408,PA,475,323.6,5.1,0.2,0,151.2,0,0
Terra Santa,1507979,PA,1900,323.4,2.3,717.2,78.4,0.2,390.1,390.7
Santo Antônio do Tauá,1507003,PA,540,319.3,6.1,0,0,221.1,0,0
Maracanã,1504307,PA,786,318.5,1.1,0.1,64.7,363.9,13.2,25.6
Miranorte,1713304,TO,1037,318,0,10.9,0,0,708.1,0
Barcarena,1501303,PA,1315,315.3,6.8,0,4.5,710.9,0,286.3
Boa Vista do Gurupi,2101970,MA,405,313.8,4.5,86.2,0,0.1,0,4.9
Lago do Junco,2105807,MA,312,312.9,0,0,0,0,0,0
Curvelândia,5103437,MT,749,312.8,0,111,0,0.2,323.1,1.9
Wanderlândia,1722081,TO,1382,309.1,1,148.9,0,0,924,0
Luís Domingues,2106201,MA,468,309,2,99.8,33.7,0.1,4.1,21.3
Porto Grande,1600535,AP,4405,307.6,5.2,1984.9,1426.2,21.4,644.4,20.5
São Pedro da Cipa,5107404,MT,344,306.3,0,6.8,0,0,30.9,0
Carmolândia,1703883,TO,340,306.1,0,33.8,0,0.1,0,0
Curuá,1502855,PA,1430,301,2.5,387,0,0.6,271.6,469.8
Tocantinópolis,1721208,TO,1084,300.5,0.3,135,0,0,623,25.5
São Vicente Ferrer,2111706,MA,394,297.6,0,0,0,0,97.7,0
Alvarães,1300029,AM,6029,297.1,3.1,5033.6,531.5,0,39,127.8
Sítio Novo do Tocantins,1720804,TO,325,292.4,0.3,32.6,0,0,0,0
Tapauá,1304104,AM,90959,291.6,1,86480.7,524.2,1.9,2159.9,1500.7
Glória d'Oeste,5103957,MT,848,291.5,0.6,46.8,0,0,509.7,0
Matinha,2106508,MA,414,288.3,0.2,2.2,1.1,0,50.3,72.1
Itapecuru Mirim,2105401,MA,1182,286.7,4.1,603.5,0,6.5,282.8,2.5
Carauari,1301001,AM,26472,285.8,0.2,24990.5,777.6,7.1,12.7,398.3
Davinópolis,2103752,MA,340,282.5,0.6,57.5,0,0,0,0
Governador Edison Lobão,2104552,MA,618,280.9,1.2,22.9,0,0,300.9,13.3
São Raimundo do Doca Bezerra,2111631,MA,284,280.2,0,3.5,0,0.3,0,0
Nazaré,1714302,TO,398,280.1,0.5,34.9,0,0,83,0
Santo Antônio dos Lopes,2110302,MA,781,278.5,0,1.6,0,500.9,0,0
Reserva do Cabaçal,5107156,MT,371,270.8,1.6,100.2,0,0,0,0
Serra Nova Dourada,5107883,MT,1481,268.4,0.4,259.1,0,0,953.5,0
Tartarugalzinho,1600709,AP,6716,267.9,8.5,2354.6,659.6,16.5,3229.5,187.9
Governador Eugênio Barros,2104602,MA,829,266.7,11.5,285.7,0,276.6,0,0
São José dos Basílios,2111250,MA,365,265.7,1.9,4.4,1.4,81.8,0,11.7
Curuçá,1502905,PA,674,262.4,8.4,0,8.3,358.1,0.8,47.2
Campo Novo do Parecis,5102637,MT,9467,261.2,3.9,1575.1,0,0,7630.7,0
Caseara,1703909,TO,1698,260.8,0,326.2,0,0.1,1079.6,31.3
Central do Maranhão,2103125,MA,370,257.3,0,8.4,3.1,0,98.8,2.4
Tufilândia,2112274,MA,280,255.9,0,0,0,0,25.3,0
Codajás,1301308,AM,18940,254.8,0,16422.8,93.8,2.5,728.6,1437.5
Pirapemas,2108801,MA,696,253.9,0,0,0,442.5,0,0
Lajeado Novo,2105989,MA,1055,253.5,0.4,20,0,0,781.5,0
São João do Paraíso,2111052,MA,2069,250.9,1.9,21.5,0,0.8,1795.8,0
Amajari,1400027,RR,28788,250.5,6.5,19224.2,3472.8,465.5,5295,80
Santa Rita,2110203,MA,800,249.9,3.4,350.7,0.1,0,177.5,21.8
Belém,1501402,PA,1071,245.4,2,0,0,826.8,0,0
Peri Mirim,2108405,MA,409,243.6,0,26.9,10.9,0,126.7,0.9
Fortuna,2104206,MA,705,233.2,8.3,203.5,0,263,5.3,0
Vitória do Mearim,2112902,MA,736,233,2.8,24.7,3.8,0.2,464,10.3
São Roberto,2111672,MA,230,230.3,0,0,0,0,0,0
Caapiranga,1300839,AM,9551,230.1,0.1,8672.3,39,0.1,181.4,428.1
Uarini,1304260,AM,10449,229.8,1.6,9118.2,565.9,0,100.6,434.5
Miranda do Norte,2106755,MA,356,229.1,15.4,61.2,0.6,51.2,13.6,0.3
Atalaia do Norte,1300201,AM,80044,228.7,0.2,78326.3,755.9,314,16.9,402.2
Cocalinho,5103106,MT,16562,227,2.7,1741.9,0,29.6,14453.6,109.9
Couto de Magalhães,1706001,TO,1591,226.4,0.3,97.7,0,0,1228.2,38.7
Bela Vista do Maranhão,2101772,MA,255,225.5,0,0,0,0,30.2,0
São Caetano de Odivelas,1507102,PA,752,225.3,6.4,0,0,391.3,0.6,135.3
Jutaí,1302306,AM,71771,224.5,1,66615,3667.1,6.9,96.8,1160.7
Manoel Urbano,1200344,AC,9741,223.4,4.9,9464.9,0,9.8,0,42.9
Faro,1503002,PA,11794,222,2.8,11150.1,149.6,0.4,89.4,182.5
Cantanhede,2102705,MA,809,221.8,0,0.2,0,575,12,0
Lagoa da Confusão,1711902,TO,10578,219.5,1.5,2018.2,0,0.4,8229.2,110.7
Brasilândia do Tocantins,1703602,TO,643,218.8,0,4.8,0,0.2,419.2,0
Capinzal do Norte,2102754,MA,635,217.6,0,0,0,417.9,0,0
Peritoró,2108454,MA,757,216.2,0,0,0,541.6,0,0
Buriti do Tocantins,1703800,TO,250,215,0,0.9,0,0,28.9,5.2
Esperantina,1707405,TO,504,214.5,0.2,14.9,0,0,225,49.6
Praia Norte,1718303,TO,290,214.4,1,35,2.5,0,29.5,8.6
Vigia,1508209,PA,536,214.2,2.6,0,0,323.7,0,0
Ipixuna,1301803,AM,14195,214,1.7,13771.5,73,0.6,65.7,70.2
Igarapé do Meio,2105153,MA,397,211.7,2.4,9,1.5,0.2,174.1,0.5
Dom Pedro,2103802,MA,374,210.6,3,10.2,1,152.2,0,0
Juarina,1711803,TO,482,210.3,0,13.5,0,0,237,21.2
Pedra Branca do Amaparí,1600154,AP,9496,208.2,2.4,8128.1,1121.8,33.6,0,4.3
Apicum-Açu,2100832,MA,655,206.4,0.1,234.6,46.2,0.3,9,158.5
Santa Isabel do Rio Negro,1303601,AM,64132,205.6,0.3,54437.1,7837.8,70.9,948.6,632
Pauini,1303502,AM,44594,201.2,4.2,43585.3,520.3,2.3,23.7,261.2
Cedral,2103109,MA,263,201.1,0,52.2,1.6,0.1,0.3,7.7
Beruri,1300631,AM,17412,200.7,0.4,15751.5,0.5,2.2,884.9,572.2
Boa Vista do Ramos,1300680,AM,2588,198.4,1,1129.1,0,0,854,406.5
Lago dos Rodrigues,2105948,MA,197,197,0,0,0,0,0,0
Campo Verde,5102678,MT,4794,196.1,0,54.8,0,1,4542.1,0
Angico,1701051,TO,441,194.6,1.2,35,0,0.6,210.8,0
Barcelos,1300409,AM,124166,193.2,0.8,91361.9,11004.8,55.6,17049.5,4501
Anamã,1300086,AM,2474,192,0.1,2000.8,25.8,0,34.8,220.6
Bernardo do Mearim,2101939,MA,264,189.8,0,0.1,0,74.1,0,0
Marechal Thaumaturgo,1200351,AC,8145,188.7,2.2,7862,3.5,90.1,0.2,0.5
São Sebastião do Uatumã,1303957,AM,10775,188,1.8,9856.3,38.2,0.5,65.3,626.7
Vitória do Jari,1600808,AP,2483,187.6,0.6,1289.7,494.6,0.8,380.8,129.5
São João de Pirabas,1507474,PA,703,186.2,2.2,16.9,129.9,285.1,7.5,77.4
Curralinho,1502806,PA,3626,185.3,0.3,1621.5,1203.2,0.8,241.7,373.5
Nova Nazaré,5106174,MT,4039,184.8,4,1076.7,0,0.7,2767.5,9.3
Graça Aranha,2104701,MA,274,184.1,1.2,89.9,0,0,0,0
Olinda Nova do Maranhão,2107456,MA,200,183.7,0,0,0.7,0,1.5,14.2
Benjamin Constant,1300607,AM,9151,183.7,0.3,8495.2,249,16.6,0,206.5
Alto Alegre do Maranhão,2100436,MA,424,183.2,0,1,0,239.8,0,0
Formoso do Araguaia,1708205,TO,13459,180.2,1.9,845.3,0,371.7,11892,169.8
Pedreiras,2108207,MA,291,179.2,0,0.1,0,111.7,0,0
Sapezal,5107875,MT,13640,176.9,0.4,2863.9,0,5.7,10593.1,0.4
Novo Santo Antônio,5106315,MT,4375,176.6,5.1,511.2,0,0.2,3591.6,95.4
Cutias,1600212,AP,2118,176.1,2.4,371.1,52.1,0.5,1452.3,65.9
Colinas,2103505,MA,2065,175.7,3.3,166.6,0,257.4,1465.3,0
Bagre,1501105,PA,4402,174.9,1.1,1992.2,1920.1,0.1,61.9,252.8
Primavera,1506104,PA,261,174.1,1.2,0,0.1,83.2,4.1,0
Cuiabá,5103403,MT,3539,173.3,0.2,174.1,0,0.4,3191.2,0
São Paulo de Olivença,1303908,AM,20470,172.9,0.9,18945,675.8,0.3,85.4,590.6
Oiapoque,1600501,AP,22643,172.7,3.9,14674.5,1908.4,4953,920.2,14.2
Governador Archer,2104503,MA,442,169.7,1.2,0,0,272.3,0,0
Pindaré-Mirim,2108504,MA,240,168.7,0,0,0,0.1,51.6,20.3
Terra Alta,1507961,PA,209,168.1,2.8,0.8,0,40.1,0,0
Guiratinga,5104203,MT,5361,167.4,0,0.3,0,190.2,5003.1,0
Anajás,1500701,PA,6939,162.5,0.3,5148.9,1278.6,1.5,212,135.5
Laranjal do Jari,1600279,AP,30971,161.3,1.7,26365.5,3964.2,269.7,146.9,63.4
Magalhães Barata,1504109,PA,326,160.6,2.2,0.1,16.2,137,0,12.1
Itiquira,5104609,MT,8638,159.8,0.5,220.6,0,83,8167.6,7
Santa Bárbara do Pará,1506351,PA,279,157.8,1.4,0,0,122.5,0,0
Luzinópolis,1712454,TO,281,155.3,0.3,21.5,0,0,104.2,0
Trizidela do Vale,2112233,MA,225,152.6,0,0,0,72.5,0,0
Tabatinga,1304062,AM,3346,151.3,0.5,2889.7,223.1,29.6,1.3,51
Melgaço,1504505,PA,6782,150.2,1.6,5244.5,688.1,0.9,167.3,531
São João Batista,2111003,MA,699,148.1,0,56,0.8,0,357.7,136.4
Porto Walter,1200393,AC,6461,147.7,0.9,6304.9,3.8,1.6,3,0
Porto Rico do Maranhão,2109056,MA,227,146.1,0,70.5,3.4,0,0.4,6.6
Santarém Novo,1506906,PA,231,142.7,0.1,0,0,90.8,0,0
Maurilândia do Tocantins,1712801,TO,741,141.8,1.2,66,0.1,0,521.2,11.9
Calçoene,1600204,AP,14284,140.7,2,9769.8,2136.1,431.7,1710.7,95
Juruá,1302207,AM,19848,139.5,1.7,17264.3,1558.9,8.9,142,734.4
Axixá do Tocantins,1702901,TO,151,139.2,0,11.6,0.2,0,0,0
São Sebastião do Tocantins,1720309,TO,288,139.2,0,0,0,0,133.1,16.8
Assis Brasil,1200054,AC,2986,138.9,0.9,2816.1,0,31,0,0
Marianópolis do Tocantins,1712504,TO,2096,133.1,0.5,200,0,0,1761.7,1.2
Governador Luiz Rocha,2104628,MA,377,132.5,6,190.4,0,28.9,25.2,0
Itapiranga,1302009,AM,4245,131.4,0.4,3779.3,9,0,155.9,169.4
Santo Antônio do Içá,1303700,AM,12746,130,0.9,10897.4,1108.3,65.2,90.4,454.7
Ferreira Gomes,1600238,AP,5048,130,2.9,2282.1,921.4,7.9,1641.8,64.8
Montes Altos,2107001,MA,1348,126.1,0.4,57.7,0,0,1164.2,0
Benevides,1501501,PA,189,124.3,1.3,0,0,65.4,0,0
São Sebastião da Boa Vista,1507706,PA,1636,119.9,0,713.9,510.6,0.3,174.3,117
Jatobá,2105450,MA,393,118.3,3.1,131.6,0,0,143.1,0
Itamarati,1301951,AM,26048,116.3,1.4,24958.6,678,1.5,3.1,290.5
Lima Campos,2106003,MA,326,115.2,0,0,0,210.9,0,0
Jordão,1200328,AC,5692,113.4,2,5563.8,1.5,12.8,0.1,0.4
Amaturá,1300060,AM,4904,110.5,0.1,4092,268.6,0,222.9,210
Novo Airão,1303205,AM,38112,110,0.2,33544.7,2898.3,0.7,210.9,1347.4
Nossa Senhora do Livramento,5106109,MT,5200,109.3,0,79.9,0,3.8,5004.7,2.3
Cachoeirinha,1703826,TO,354,107.3,0.1,38.7,0,0,208,0
Carrasco Bonito,1703891,TO,195,106.6,0,0,0,0.1,83,5.8
Aguiarnópolis,1700301,TO,237,106.3,0.5,23.5,0,0.1,101.7,5.4
Campos de Júlio,5102686,MT,6832,105.3,0.4,474.5,0,4.4,6247.8,0
Maraã,1302801,AM,17221,104.7,0.8,13642.4,1014.2,5.4,604.7,1849.6
Salvaterra,1506302,PA,1048,103.5,0.4,108.1,40.4,357.1,420.3,18.6
Amapá,1600105,AP,9185,100.9,6.3,2413,783.7,2.4,4906.5,978.5
Goianorte,1708304,TO,1806,99.7,0.1,54.2,0,0.1,1652,0
São João da Ponta,1507466,PA,196,98.7,3.8,0,0,98,0,0
Muaná,1504901,PA,3776,98.5,0.2,1227.7,595.7,1,1365.4,487.7
Senador Alexandre Costa,2111748,MA,432,97.8,3.3,142.3,0,191.9,0,0
Fonte Boa,1301605,AM,12393,95,0.8,9760.3,1569.2,2.1,154.3,812.1
São José de Ribamar,2111201,MA,390,95,2.1,80.8,6.6,35.1,0,172.5
Urucurituba,1304401,AM,2915,93.1,0.3,131.2,0,0,1690,1000.7
Chaves,1502509,PA,13114,92.3,1.3,3589.4,435.9,1.5,5240.1,3754.8
Colares,1502608,PA,612,89.8,2.6,0,0,523,0,0
Gurupá,1503101,PA,8550,88.7,1.8,6084.6,564,1.5,516.7,1294.5
Itaubal,1600253,AP,1705,88,0.7,400.4,17.6,0.2,776.1,422.7
Ananindeua,1500800,PA,185,87.4,1,0,0,98.4,0,0
Cajapió,2102408,MA,917,85,0,295.9,34.2,0,115.4,386.5
Sampaio,1718808,TO,200,83.1,1.3,6.7,3.6,0.5,98,8.1
Mazagão,1600402,AP,13141,80.6,2.4,7682,3775,10.3,1347,246.1
Tonantins,1304237,AM,6618,79.6,0.6,4931.7,1223.8,1.6,66.9,314.4
Bacabeira,2101251,MA,624,78.9,0.7,218.9,3.9,0.1,226.3,95.9
Anori,1300102,AM,5850,77.3,0.6,4696.6,2.5,0.3,640.2,433.1
Poconé,5106505,MT,17281,77.1,0.4,1297.8,0,36.5,15380.3,489.3
Palmeirante,1715705,TO,2447,76.4,0,10.2,0,0,2344.7,15.7
Quatipuru,1506112,PA,326,74.6,0.5,33.4,32.9,117.2,15.6,52.3
Rosário,2109601,MA,694,72.7,1.1,523,4.4,0,0,93.9
Santa Terezinha do Tocantins,1720002,TO,271,72.7,0,24.6,0,0.5,173.2,0
Cachoeira do Arari,1502004,PA,3114,71.4,0.3,275.4,34.3,207.6,2267.5,257.8
Serra do Navio,1600055,AP,7761,69.6,0.5,7252.4,428.6,0.7,0,9.7
Paço do Lumiar,2107506,MA,135,69.3,0.8,50,5.8,0,0,9.9
Santana,1600600,AP,1578,68.7,1.8,441.1,83.7,0.6,938.9,45
Pacaraima,1400456,RR,8083,66.9,4,1571.6,39.3,125.2,6264.3,15.7
Marituba,1504422,PA,103,65.5,0.2,0,0,37.5,0,0
Santa Rosa do Purus,1200435,AC,6225,65.3,2,6095.7,0,28.9,0.1,35
Rosário Oeste,5107701,MT,8805,64.7,0,25.3,0,0,8705.9,9.1
Pracuúba,1600550,AP,4966,63.2,1.3,2480.6,1173.7,3.9,1175.8,68.8
Dois Irmãos do Tocantins,1707207,TO,3772,61.6,0,80.8,0,1.9,3627.7,0
Limoeiro do Ajuru,1504000,PA,1495,58.7,0,699.5,178.8,0.5,51.5,506
Palmeiras do Tocantins,1713809,TO,751,58,0,22.1,0,0.1,669.4,1.4
Sítio Novo,2111805,MA,3140,57.7,0,14,1.9,869.1,2197.3,0
Presidente Juscelino,2109205,MA,450,54.2,0.9,346.1,0,2.5,45,2.2
Cajari,2102507,MA,552,53.6,1,25.4,8.3,0,353.2,111.5
Santa Filomena do Maranhão,2109759,MA,409,52.4,0.3,18.3,0,0,338.3,0
Ponta de Pedras,1505700,PA,3380,51.6,0,521.2,88.9,1.9,2253.7,462.7
Japurá,1302108,AM,57561,50.3,0.1,47628,8253.8,98.3,2.6,1528
Araguacema,1701903,TO,2787,46.7,0.6,423,0,0,2240.8,76.5
Darcinópolis,1706506,TO,1558,46.6,0.3,8.2,0,0,1497,6.2
Buriti Bravo,2102309,MA,1605,40.8,0.7,1040.2,0,524,0,0
Água Boa,5100201,MT,7486,36.1,0.4,125.2,0,3.8,7320.9,0
Dueré,1707306,TO,3434,34.3,0.1,243.3,0,1158,1994.4,4
Pium,1717503,TO,10036,34.1,0,1669.9,0,0.9,8081.5,249.6
Soure,1507904,PA,3528,33.5,0.3,156.8,59.7,475.9,2501.3,300.8
Vargem Grande,2112704,MA,1988,32.9,0,1253.3,0,701.8,0,0
Recursolândia,1718501,TO,2229,32.2,0,94.2,0,1.5,2101.1,0
Presidente Vargas,2109304,MA,475,31.7,0.2,217.4,0,210.3,15.4,0.2
Uiramutã,1400704,RR,8116,31.4,6,1680.2,460.5,52.8,5883.3,7.8
Fernando Falcão,2104081,MA,3546,30.2,0,88.9,0,0,3426.9,0
Formosa da Serra Negra,2104099,MA,3976,28.3,0.6,30,0,2389.6,1528.1,0
Luciára,5105309,MT,4152,27.1,0.9,404.8,0,0,3676.3,43.8
Afuá,1500305,PA,8382,26.4,1,5269.9,57.6,0.5,286.9,2740.7
São José do Povo,5107297,MT,443,25.9,0,0,0,0,417.1,0
Axixá,2101103,MA,205,25.8,0.2,117.9,3.7,0,0,57.6
Salinópolis,1506203,PA,219,23.1,0,80,73,15.9,10.4,16.6
Cachoeira Grande,2102374,MA,716,21.7,0.8,319,0,307.5,64.3,3.5
Santa Rita do Tocantins,1718899,TO,3288,20.6,0.3,15.7,0,1110.2,2141.4,0.1
Pedra Preta,5106372,MT,4191,20.4,0,1.1,0,0,4169.5,0
Pedro Afonso,1716505,TO,2021,20.1,0.1,31.4,0,0.1,1952.7,16.7
Normandia,1400407,RR,7003,19.2,1,424.9,77,8.1,6451.8,22
Divinópolis do Tocantins,1707108,TO,2355,18.3,0,55.9,0,0.1,2280.7,0
Boa Vista,1400100,RR,5726,17.9,1.2,232.6,0,0,5382.8,92.7
Rio dos Bois,1718709,TO,849,17.5,0,0,0,0,828,3.7
Timbiras,2112100,MA,1509,16.8,0,1075.2,0,417,0,0
Bacurituba,2101350,MA,685,16.4,0,29.3,2.5,0,358,278.8
Morros,2107100,MA,1745,16,0.1,1463.3,0.8,252.4,10.3,2.2
Raposa,2109452,MA,65,14,1.4,41.1,0.6,0.1,0.8,8.4
Estreito,2104057,MA,2736,9.7,0.5,6.3,0,0.1,2700.8,19.1
Icatu,2105104,MA,1468,8.9,0.1,1039.7,5.1,331.7,0.4,82.2
Bom Jesus do Tocantins,1703305,TO,1339,6.6,0,8.7,0,0,1316.1,7.6
Abreulândia,1700251,TO,1899,5.7,0.4,47.7,0,0.3,1845.3,0
Sandolândia,1718840,TO,3539,4.2,0,73.8,0,1.1,3445.5,14.4
Babaçulândia,1703008,TO,1796,3.2,0,0,0,0,1777.8,15.7
Tupiratins,1721307,TO,900,2.1,0,7.1,0,0,881,9.8
Santo Antônio do Leste,5107792,MT,3597,2,0,67.4,0.1,0,3527.5,0
Chapada de Areia,1704600,TO,660,1.6,0,9.6,0,0.5,648.3,0
Novo São Joaquim,5106281,MT,5023,1,0.2,117.8,0,0.6,4902,1.6
São João do Soter,2111078,MA,1462,0.9,0,1218.8,0,242.3,0,0
Primavera do Leste,5107040,MT,5474,0.7,0,16.8,0.2,0,5456.3,0
Monte Santo do Tocantins,1713700,TO,1096,0.7,0.1,11,0,0.6,1083.7,0
Campinápolis,5102603,MT,5967,0.5,0,8.3,0,3.5,5954.7,0
Campos Lindos,1703842,TO,3266,0.1,0,0.7,0,1.1,3264.1,0
Araguaçu,1702000,TO,5181,0,0,3.4,0,2328.3,2846.7,2.6
Santa Cruz do Arari,1506401,PA,1078,0,0,4.9,0.7,0,1043.4,29
Aliança do Tocantins,1700350,TO,1587,0,0,0,0,1529.1,58,0
Almas,1700400,TO,4048,0,0,0,0,4048.8,0,0
Alvorada,1700707,TO,1216,0,0,0,0,1216.4,0,0
Aparecida do Rio Negro,1701101,TO,1166,0,0,0,0,0,1166.7,0
Arraias,1702406,TO,5827,0,0,0,0,5827.8,0,0
Aurora do Tocantins,1702703,TO,756,0,0,0,0,756.4,0,0
Barra do Ouro,1703073,TO,1112,0,0,0,0,0,1092.9,19.6
Barrolândia,1703107,TO,714,0,0,0,0,0.3,714.1,0
Brejinho de Nazaré,1703701,TO,1730,0,0,0,0,1636.3,91.8,2.3
Cariri do Tocantins,1703867,TO,1129,0,0,0,0,1105.8,24.2,0
Centenário,1704105,TO,1968,0,0,0,0,0,1968.8,0
Chapada da Natividade,1705102,TO,1679,0,0,0,0,1679.8,0,0
Combinado,1705557,TO,210,0,0,0,0,210.8,0,0
Conceição do Tocantins,1705607,TO,2520,0,0,0,0,2520.5,0,0
Cristalândia,1706100,TO,1854,0,0,0,0,97.5,1757.2,0
Acorizal,5100102,MT,842,0,0,0,0,0.9,841.6,0
Crixás do Tocantins,1706258,TO,988,0,0,0,0,720.4,268,0
Dianópolis,1707009,TO,3240,0,0,0,0,3240,0,0
Alto Araguaia,5100300,MT,5545,0,0,1120,0,4286.3,138.7,0
Alto Garças,5100409,MT,3657,0,0,0,0,1772.1,1885.2,0
Alto Taquari,5100607,MT,1397,0,0,904.9,0,492.1,0,0
Fátima,1707553,TO,384,0,0,0,0,282.7,102,0
Figueirópolis,1707652,TO,1933,0,0,0,0,1624,309.7,0
Filadélfia,1707702,TO,1997,0,0,0,0,0,1975.4,22.2
Araguainha,5101209,MT,688,0,0,0,0,686.5,1.9,0
Goiatins,1709005,TO,6451,0,0,0,0,0.1,6435.6,15.5
Gurupi,1709500,TO,1844,0,0,0,0,1844.6,0,0
Ipueiras,1709807,TO,817,0,0,0,0,817.3,0,0
Itacajá,1710508,TO,3072,0,0,0,0,0,3072,0
Itapiratins,1710904,TO,1251,0,0,0,0,0,1216.1,35.1
Jaú do Tocantins,1711506,TO,2186,0,0,0,0,2186.3,0,0
Lagoa do Tocantins,1711951,TO,918,0,0,0,0,516.6,402.3,0
Lajeado,1712009,TO,324,0,0,0,0,0,315,9
Lavandeira,1712157,TO,525,0,0,0,0,525.2,0,0
Lizarda,1712405,TO,5768,0,0,2.9,0,4144.4,1620.7,0
Mateiros,1712702,TO,9675,0,0,0.1,0,9674.9,0,0
Miracema do Tocantins,1713205,TO,2664,0,0,0,0,0,2647,17.7
Monte do Carmo,1713601,TO,3634,0,0,0,0,1003.8,2629.4,1.3
Natividade,1714203,TO,3236,0,0,0,0,3236.4,0,0
General Carneiro,5103908,MT,3724,0,0,0,0,1.6,3720.3,2.3
Nova Rosalândia,1715002,TO,490,0,0,0,0,0.1,490.2,0
Novo Acordo,1715101,TO,2685,0,0,0,0,1640.8,1045.2,0
Novo Alegre,1715150,TO,201,0,0,0,0,201.7,0,0
Novo Jardim,1715259,TO,1321,0,0,0,0,1321.2,0,0
Oliveira de Fátima,1715507,TO,207,0,0,0,0,0.5,206.8,0
Palmeirópolis,1715754,TO,1710,0,0,0,0,1710.2,0,0
Paraíso do Tocantins,1716109,TO,1304,0,0,0,0,0.4,1304.2,0
Jangada,5104906,MT,1022,0,0,0,0,0,1022.4,0
Paranã,1716208,TO,11321,0,0,0,0,11321.1,0,0
Peixe,1716604,TO,5314,0,0,0,0,5314.7,0,0
Pindorama do Tocantins,1717008,TO,1567,0,0,0,0,1567.4,0,0
Ponte Alta do Bom Jesus,1717800,TO,1819,0,0,0,0,1819.6,0,0
Ponte Alta do Tocantins,1717909,TO,6535,0,0,0,0,4989.2,1536.3,9.8
Porto Alegre do Tocantins,1718006,TO,505,0,0,0,0,505.1,0,0
Porto Nacional,1718204,TO,4473,0,0,0,0,561,3879.4,33.1
Pugmil,1718451,TO,403,0,0,0,0,0,403.3,0
Rio da Conceição,1718659,TO,777,0,0,0,0,777.6,0,0
Rio Sono,1718758,TO,6395,0,0,0.3,0,1928.6,4466.1,0
Santa Maria do Tocantins,1718881,TO,1420,0,0,0,0,0,1412.2,7.8
Santa Rosa do Tocantins,1718907,TO,1804,0,0,0,0,1804.2,0,0
Santa Tereza do Tocantins,1719004,TO,543,0,0,0,0,0,543.8,0
São Félix do Tocantins,1720150,TO,1923,0,0,0,0,1923.1,0,0
São Salvador do Tocantins,1720259,TO,1430,0,0,0,0,1431,0,0
Pontal do Araguaia,5106653,MT,2755,0,0,0,0,2.2,2745.1,7.9
Ponte Branca,5106703,MT,688,0,0,0,0,604.7,83.7,0
São Valério da Natividade,1720499,TO,2531,0,0,0,0,2531.7,0,0
Silvanópolis,1720655,TO,1268,0,0,0,0,1262.6,6,0
Sucupira,1720853,TO,1031,0,0,0,0,1031.4,0,0
Taguatinga,1720903,TO,2457,0,0,0,0,2457.9,0,0
Taipas do Tocantins,1720937,TO,1123,0,0,0,0,1123.4,0,0
Talismã,1720978,TO,2161,0,0,0,0,2161,0,0
Palmas,1721000,TO,2227,0,0,0,0,0,2207.9,19.3
Tocantínia,1721109,TO,2617,0,0,0,0,0.3,2601.6,15.9
Tupirama,1721257,TO,714,0,0,0,0,0,705.5,9.3
Ribeirãozinho,5107198,MT,622,0,0,0,0,22,600.2,0
Afonso Cunha,2100105,MA,378,0,0,378,0,0,0,0
Água Doce do Maranhão,2100154,MA,451,0,0,451,0,0,0,0
Aldeias Altas,2100303,MA,1973,0,0,1973,0,0,0,0
Anapurus,2100808,MA,620,0,0,620,0,0,0,0
Tesouro,5108105,MT,4017,0,0,0,0,5.1,4011.4,1
Torixoréu,5108204,MT,2397,0,0,0,0,3.3,2393.5,1
Várzea Grande,5108402,MT,938,0,0,0,0,1.4,937.2,0
Balsas,2101400,MA,13258,0,0,0.8,0,5060.4,8196.8,0
Barreirinhas,2101707,MA,3172,0,0,3172,0,0,0,0
Belágua,2101731,MA,504,0,0,504,0,0,0,0
Carolina,2102804,MA,6487,0,0,0,0,332.3,6101.1,53.7
Chapadinha,2103208,MA,3305,0,0,3305,0,0,0,0
Feira Nova do Maranhão,2104073,MA,1486,0,0,0,0,1317.5,169.2,0
Fortaleza dos Nogueiras,2104107,MA,1680,0,0,0,0,1680.7,0,0
Humberto de Campos,2105005,MA,2166,0,0,2166,0,0,0,0
Lagoa do Mato,2105922,MA,1310,0,0,1310,0,0,0,0
Mata Roma,2106409,MA,556,0,0,556,0,0,0,0
Mirador,2106706,MA,8716,0,0,0.4,0,3907.8,4807.8,0
Nina Rodrigues,2107209,MA,579,0,0,479.5,0,99.5,0,0
Nova Colinas,2107258,MA,749,0,0,0,0,750,0,0
Paraibano,2107704,MA,539,0,0,70.1,0,399,69.9,0
Passagem Franca,2107902,MA,1378,0,0,1066,0,312,0,0
Pastos Bons,2108009,MA,1643,0,0,30.8,0,1310.4,301.8,0
Paulino Neves,2108058,MA,998,0,0,998,0,0,0,0
Primeira Cruz,2109403,MA,1394,0,0,1394,0,0,0,0
Riachão,2109502,MA,6422,0,0,0,0,4449.1,1973.2,0
Santana do Maranhão,2110237,MA,1116,0,0,1116,0,0,0,0
Santo Amaro do Maranhão,2110278,MA,1628,0,0,1628,0,0,0,0
São Benedito do Rio Preto,2110401,MA,946,0,0,946,0,0,0,0
São Domingos do Azeitão,2110658,MA,1071,0,0,0,0,1071.7,0,0
São Pedro dos Crentes,2111573,MA,988,0,0,0,0,454.5,534,0
São Raimundo das Mangabeiras,2111607,MA,3556,0,0,0,0,3556.4,0,0
Sucupira do Norte,2111904,MA,1007,0,0,0.2,0,461,545.8,0
Sucupira do Riachão,2111953,MA,574,0,0,574,0,0,0,0
Tutóia,2112506,MA,1521,0,0,1521,0,0,0,0
Urbano Santos,2112605,MA,1229,0,0,1229,0,0,0,0
Area nao mapeada pelo Prodes,2114999,MA,55592,0,0,29073.3,0,17860,8658.7,0
